{"cameraMode":{"drawMode":0,"name":"Shaded","section":"Shading Mode"},"sceneLighting":true,"audioPlay":false,"sceneViewState":{"m_AlwaysRefresh":false,"showFog":true,"showSkybox":true,"showFlares":true,"showImageEffects":true,"showParticleSystems":true,"showVisualEffectGraphs":true,"m_FxEnabled":true},"in2DMode":false,"pivot":{"x":1.1238548755645753,"y":2.3347091674804689,"z":10.210975646972657},"rotation":{"x":0.03297428786754608,"y":-0.034492962062358859,"z":0.001179639482870698,"w":0.9988943934440613},"size":21.29938507080078,"orthographic":false}