{"cameraMode":{"drawMode":0,"name":"Shaded","section":"Shading Mode"},"sceneLighting":true,"audioPlay":false,"sceneViewState":{"m_AlwaysRefresh":false,"showFog":true,"showSkybox":true,"showFlares":true,"showImageEffects":true,"showParticleSystems":true,"showVisualEffectGraphs":true,"m_FxEnabled":true},"in2DMode":false,"pivot":{"x":0.7331771850585938,"y":9.284955978393555,"z":7.110793113708496},"rotation":{"x":-0.10024752467870712,"y":-0.04116957262158394,"z":0.0041426499374210838,"w":-0.9941151738166809},"size":6.213329792022705,"orthographic":false}