{"cameraMode":{"drawMode":0,"name":"Shaded","section":"Shading Mode"},"sceneLighting":true,"audioPlay":false,"sceneViewState":{"m_AlwaysRefresh":false,"showFog":true,"showSkybox":true,"showFlares":true,"showImageEffects":true,"showParticleSystems":true,"showVisualEffectGraphs":true,"m_FxEnabled":true},"in2DMode":false,"pivot":{"x":0.9888131618499756,"y":4.2534990310668949,"z":-4.4630889892578129},"rotation":{"x":0.0673200935125351,"y":0.06279975175857544,"z":-0.0042002215050160889,"w":0.9957737326622009},"size":9.479373931884766,"orthographic":false}